MES,FECHA,CARRERA,LOCALIDAD,DISTANCIA,TERRENO,HOMOLOGADA,CONFIRMADA,GUÍA EN BLOG,WEB OFICIAL,URL GUÍA
Enero,03/01,Crematorrons Lliçà d'Amunt,Lliçà d'Amunt,"5,5k",Asfalto,No,Sí,No,https://www.llicamunt.cat/actualitat/agenda/cursa-popular-crematorrons.html,
Enero,04/01,Cursa Reis Cornellà,Cornellà de Llobregat,5k,Asfalto,No,Sí,Sí,http://www.corresolidaris.org/cursadereis/,
Enero,04/01,Cursa Reis Sant Julià,Sant Julià de Cerdanyola,5k,MIxta,No,Sí,Sí,https://www.jaberga.com/cursareis,
Enero,04/01,La Navarclina,Navarcles,10k y 5k,Mixta,No,Sí,Sí,https://www.lanavarclina.cat/,
Enero,04/01,Cursa La Torrodona,Calldetenes,5k,Mixta,No,Sí,No,https://cursa-la-torronada05.webnode.es/,
Enero,11/01,Mitja Sitges,Sitges,21k y 10k,Asfalto,Sí,Sí,Sí,https://www.zonavipevents.com/carreras/mitja-sitges/,
Enero,11/01,Marxa Nadalenca Olot,Olot,8k,Asfalto,No,Sí,No,https://www.marxanadalencaolot.cat/p/la-marxa.html,
Enero,11/01,Crematorrons Miami Platja,Miami Platja,10k y 5k,Asfalto,No,Sí,No,https://webtretzesports.wixsite.com/crematorrons,
Enero,17/01,Towerruning Torre Glòries,Barcelona,34 plantas,Escaleras,No,Sí,No,https://www.miradortorreglories.com/tower-running/,
Enero,17/01,Cursa Polinyà,Polinyà,10k,Mixta,No,Sí,Sí,https://cursapolinya.cat/,
Enero,18/01,Cursa De L'Oli Borges Blanques,Les Borges Blanques,10k y 5k,Mixta,No,Sí,No,https://clubatleticborges.cat/,
Enero,18/01,Mitja Granollers,Granollers,"21k, 10k y 5k",Asfalto,Sí,Sí,Sí,https://www.lamitja.cat/open-de-la-mitja/,
Enero,18/01,Cursa Popular La Pobla de Claramunt,La Pobla de Claramunt,3k,Asfalto,No,Sí,No,https://www.instagram.com/ceanoia/,
Enero,25/01,Cursa Sant Antoni,Barcelona,10k y 5k,Asfalto,Sí,Sí,Sí,https://cursasantantoni.cat/,
Enero,25/01,Cursa De La Dona L'Escala,L'Escala,5k,Asfalto,No,Sí,No,https://esportslescala.cat/cursa-de-la-dona/,
Enero,25/01,10K De Vilafranca,Vilafranca del Penedès,10k,Asfalto,Sí,Sí,Sí,https://10kvilafranca.org/,
Enero,25/01,Cursa Agrollobera De Sant Blai,El Palau d'Anglesola,10k y 5k,Asfalto,Sí,Sí,No,https://www.cursadesantblai.cat/,
Febrero,01/02,The Bosco Run,Barcelona,5k,Asfalto,No,Sí,No,https://www.salesianssarria.com/the-bosco-run,
Febrero,01/02,Cursa De Sant Vicenç De Mollet,Mollet del Vallès,10k y 5k,Asfalto,No,Sí,No,https://camollet.cat/,
Febrero,01/02,Mitja Terrassa,Terrassa,21k y 5k,Asfalto,Sí,Sí,Sí,https://www.mitjaterrassa.org/curses/mitja-marato/,
Febrero,01/02,Mitja Sant Cugat,Sant Cugat,"21k, 10k y 5k",Asfalto,Sí,Sí,Sí,https://mitjasantcugat.cat/,
Febrero,01/02,Cursa De La Serra,Puigverd de Lleida,"10k, 6,5k y Trail 13k",Mixta,No,Sí,No,https://aecpuigverd.org/,
Febrero,01/02,En Marxa Contra El Càncer Girona,Girona,10k y 5k,Asfalto,No,Sí,No,https://www.instagram.com/contraelcancer.girona/,
Febrero,08/02,Cursa La Pineda Platja,La Pineda,10k y 5k,Asfalto,No,Sí,No,https://www.athleticevents.net/cursa/14a-cursa-solidaria-aquum-spa-la-pineda-platja-517,
Febrero,08/02,Cursa Carnestoltes,Reus,5k,Asfalto,No,Sí,No,https://webtretzesports.wixsite.com/cursadecarnestoltes,
Febrero,08/02,Run For Càncer Aiguaviva,Aiguaviva,10k y 5k,Mixta,No,Sí,No,https://oncolligagirona.cat/reptes-solidaris/run4cancer.html,
Febrero,08/02,Run For Càncer Anglès,Anglès,10k y 5k,Mixta,No,Sí,No,https://oncolligagirona.cat/reptes-solidaris/run4cancer.html,
Febrero,08/02,Run For Càncer Flaçà,Flaçà,10k y 5k,Mixta,No,Sí,No,https://oncolligagirona.cat/reptes-solidaris/run4cancer.html,
Febrero,08/02,Run For Càncer Maçanet de la Selva,Maçanet de la Selva,10k y 5k,Mixta,No,Sí,No,https://oncolligagirona.cat/reptes-solidaris/run4cancer.html,
Febrero,08/02,Run For Càncer Navata,Navata,10k y 5k,Mixta,No,Sí,No,https://oncolligagirona.cat/reptes-solidaris/run4cancer.html,
Febrero,08/02,Run For Càncer Olot,Olot,10k y 5k,Mixta,No,Sí,No,https://oncolligagirona.cat/reptes-solidaris/run4cancer.html,
Febrero,08/02,Run For Càncer Palafrugell,Palafrugell,10k y 5k,Mixta,No,Sí,No,https://oncolligagirona.cat/reptes-solidaris/run4cancer.html,
Febrero,08/02,Run For Càncer Planoles,Planoles,10k y 5k,Mixta,No,Sí,No,https://oncolligagirona.cat/reptes-solidaris/run4cancer.html,
Febrero,08/02,Run For Càncer Porqueres,Porqueres,10k y 5k,Mixta,No,Sí,No,https://oncolligagirona.cat/reptes-solidaris/run4cancer.html,
Febrero,08/02,Run For Càncer Bellcaire d'Empordà,Bellcaire d'Empordà,10k y 5k,Mixta,No,Sí,No,https://oncolligagirona.cat/reptes-solidaris/run4cancer.html,
Febrero,08/02,Run For Càncer Riudellots de la Selva,Riudellots de la Selva,10k y 5k,Mixta,No,Sí,No,https://oncolligagirona.cat/reptes-solidaris/run4cancer.html,
Febrero,08/02,Run For Càncer Salt,Salt,10k y 5k,Mixta,No,Sí,No,https://oncolligagirona.cat/reptes-solidaris/run4cancer.html,
Febrero,08/02,Run For Càncer Tossa de Mar,Tossa de Mar,10k y 5k,Mixta,No,Sí,No,https://oncolligagirona.cat/reptes-solidaris/run4cancer.html,
Febrero,08/02,En Marxa Contra El Càncer Vilafant,Vilafant,10k y 5k,Mixta,No,Sí,No,https://curses.cat/vilafantenmarxa2026/,
Febrero,08/02,Cursa Popular Camiral,Caldes de Malavella,10k y 5k,Mixta,No,Sí,No,https://web.rockthesport.com/ca/event/4a-cursa-popular-camiral,
Febrero,15/02,Mitja Barcelona,Barcelona,21k,Asfalto,Sí,Sí,Sí,https://www.mitjamarato.barcelona/es/,
Febrero,15/02,Pujada A Peu Als Àngels,Girona,"9,1k",Mixta,No,Sí,No,https://geieg.cat/pujada-a-peu-als-angels/,
Febrero,22/02,Mitja Colomenca,Santa Coloma de Gramenet,21k y 10k,Asfalto,Sí,Sí,Sí,https://uca.cat/categoria/curses/mitja-marato-colomenca/,
Febrero,22/02,Cursa Malalties Minoritàries,Badalona,10k y 5k,Asfalto,No,Sí,Sí,https://cursa-benefica-malalties-minoritaries.webnode.es/,
Febrero,22/02,Volta Al Pantà D'Utxesa,Torres de Segre,"10k, 6,5k y Trail 13k",Mixta,No,Sí,No,https://xtsportevents.com/reglament-volta-al-panta-dutxesa/,
Febrero,22/02,Cursa Solidària Serinyà Mas Casadevall,Serinyà,"10k, 6k",Mixta,No,Sí,No,https://www.mascasadevall.net/22-de-febrer-x-cursa-solidaria-serinya-mas-casadevall/,
Febrero,22/02,Cursa la Bufona,Girona,5k,Mixta,No,Sí,No,https://fundacioarcadi.com/cursa-bufona/,
Marzo,01/03,Unirun,Barcelona,5k,Asfalto,No,Sí,Sí,https://unirun.cat/es/home-es/,
Marzo,01/03,Cursa Dona Cornellà,Cornellà de Llob.,5k,Asfalto,No,Sí,No,https://web.rockthesport.com/es/event/cursa-de-la-dona-de-cornella-2026,
Marzo,01/03,Mitja Cambrils,Cambrils,21k y 10k,Asfalto,No,Sí,Sí,https://mitjadecambrils.com/,
Marzo,01/03,Mitja Garrotxa,Olot,21k y 10k,Asfalto,Sí,Sí,Sí,https://www.cnolot.cat/,
Marzo,01/03,Cursa De L'Orelleta,Castellnou de Seana,10k y 5k,Asfalto,No,Sí,No,https://cursaorelleta.wixsite.com/cursaorelleta,
Marzo,07/03,Cursa Igualtat Bigues I Riells,Bigues i Riells,8k,Mixta,No,Sí,No,https://www.instagram.com/p/DU-XKuYiGla/,
Marzo,07/03,Cursa Les Vetes,Llagostera,"9,5k",Mixta,No,Sí,No,http://www.lesvetes.cat/ca/fundacio-les-vetes/projeccio-social/xii-cursa-popular-les-vetes,
Marzo,08/03,10.000 I 5.000 L'Ampolla,L'Ampolla,10k y 5k,Asfalto,No,Sí,No,https://www.runningseries.net/calendari/,
Marzo,08/03,Mitja Balaguer,Balaguer,"21k, 10k y 5k",Asfalto,Sí,Sí,No,https://www.runners.cat/mitja-marato-2026/,
Marzo,08/03,Corsa Dera Hemna,Vielha,5k,Asfalto,No,Sí,No,https://web.rockthesport.com/es/event/12au-corsa-dera-hemna,
Marzo,14/03,Cursa De Les Dones Santa Coloma,Santa Coloma de Gramenet,5k,Asfalto,No,Sí,No,https://www.conselharan.org/es/inscripciones-abiertas-para-la-12-a-edicion-de-la-corsa-dera-hemna/,
Marzo,14/03,Cursa De Les Dones Palautordera,Santa Maria de Palautordera,"4,5k",Asfalto,No,Sí,No,https://www.smpalautordera.cat/actualitat/agenda/7a-cursa-de-les-dones-de-palautordera.html,
Marzo,15/03,Marató Barcelona,Barcelona,42k,Asfalto,Sí,Sí,Sí,https://www.zurichmaratobarcelona.es/,
Marzo,15/03,Cursa De L'Arbre,El Prat de Llobregat,10k,Mixta,No,Sí,No,https://www.instagram.com/cursadelarbre/,
Marzo,15/03,Cursa De La Dona Canonja,La Canonja,5k,Asfalto,No,Sí,No,https://webtretzesports.wixsite.com/cursadonacanonja,
Marzo,15/03,Cursa De La Dona Lleida,Lleida,"5,6k",Asfalto,No,Sí,No,https://www.cursadeladonalleida.com/,
Marzo,15/03,Cursa De Sant Valentí,Les Cabanyes,3k,Asfalto,No,Sí,No,https://cursalescabanyes.wordpress.com/,
Marzo,15/03,Cursa Vilanova Del Camí,Vilanova del Camí,10k,Mixta,No,Sí,No,https://www.vilanovadelcami.cat/actualitat/agenda/5143-cursa-i-caminada-popular-de-vilanova-del-cami.html,
Marzo,15/03,Cursa Dones Viladecans,Viladecans,5k,Asfalto,No,Sí,No,https://www.viladecans.cat/ca/cursadona26,
Marzo,15/03,Cursa Dones Barberà Del Vallès,Barberà del Vallès,5k,Asfalto,No,Sí,No,"https://www.bdv.cat/cursa-del-dia-internacional-de-les-dones#:~:text=La%20cursa%2C%20que%20es%20dur%C3%A0,quil%C3%B2metres%20pels%20carrers%20de%20Barber%C3%A0.",
Marzo,21/03,Cursa Científica Sant Pau,Barcelona,10 i 5 voltes,Asfalto,No,Sí,No,https://www.santpau.cat/,
Marzo,21/03,Cursa Dones Santa Margalida i els Monjos,Santa Margalida i els Monjos,4k,Mixta,No,Sí,No,https://www.santamargaridaielsmonjos.cat/formularis/cursa-caminada-dones-2026,
Marzo,22/03,Mou-Te Per Epilèpsia,Tarragona,5k,Asfalto,No,Sí,No,https://www.rockthesport.com/ca/esdeveniment/v-mou-te-per-lepilepsia-2026,
Marzo,22/03,Cursa Entrepobles Gironès,Llagostera,10k,Mixta,No,Sí,No,https://www.entrepobles.run/cursa-girones-llagostera/,
Marzo,22/03,Mitja De Rams,Vic,21k y 5k,Asfalto,Sí,Sí,Sí,https://www.lamitjaderams.cat/,
Marzo,22/03,Cursa Caldes D'Estrach 3 Viles,Caldes d'Estrach,10k,Asfalto,No,Sí,Sí,https://gesport.cat/cursa-caldes-3-viles-10k/,
Marzo,22/03,Cursa / Marxa Hospital Trueta,Girona,10k y 5k,Mixta,No,Sí,No,https://colabora.hospitaltrueta.cat/cursamarxa70anys,
Marzo,22/03,Cursa Sed Lleida,Lleida,5k,Asfalto,No,Sí,No,https://sedcatalunya.cat/cursased/,
Marzo,22/03,Cursa Del Sucre,Menàrguens,10k y 5k,Mixta,No,Sí,No,https://lacursadelsucre.web.app/,
Marzo,22/03,La Pera Run,Albatàrrec,10k,Mixta,No,Sí,No,https://albatarrec.cat/la-pera-run-dalbatarrec/,
Marzo,22/03,Cursa Dona Manresa,Manresa,5k,Mixta,No,Sí,No,https://www.cursadonamanresa.com/,
Marzo,22/03,La Cursa Del Pont,Deltebre,10k y 5k,Asfalto,Sí,Sí,No,https://www.runningseries.net/calendari/,
Marzo,22/03,Cursa Dona Pineda De Mar,Pineda de Mar,5k,Asfalto,No,Sí,No,https://gesport.cat/4a-cursa-de-la-dona-pineda-de-mar-5k/,
Marzo,28/03,Correpoble,Santa Cristina d'Aro,10k,Mixta,No,Sí,No,https://www.correpoble.cat/,
Marzo,29/03,Cursa Martorell,Martorell,10k y 5k,Asfalto,Sí,Sí,Sí,https://martorellatletic.cat/25a-cursa-martorell/,
Marzo,29/03,Cursa Del Llangardaix,La Portella,10k y 5k,Mixta,No,Sí,No,https://xtsportevents.com/reglament-ca-cursa-del-llangardaix/,
Abril,06/04,CA CO per el T.E.A.,Piera,5k,Asfalto,No,Sí,No,https://web.rockthesport.com/es/event/caco-per-el-tea,
Abril,06/04,Cursa Sant Josep Figueres,Figueres,10k y 5k,Asfalto,No,Sí,No,https://curses.cat/,
Abril,11/04,Salomon Run,Barcelona,10k y 5k,Mixta,No,Sí,Sí,https://salomonrunbarcelona.com/es/home-esp/,
Abril,11/04,10K Salou,Salou,10k y 5k,Asfalto,No,Sí,Sí,https://10ksalou.com/es,
Abril,11/04,Cursa del Sahara,Centelles,10k y 5k,Asfalto,No,Sí,No,https://www.instagram.com/cursadelsahara/,
Abril,12/04,Cursa Mossos D'Esquadra Badalona,Badalona,10k y 5k,Asfalto,No,Sí,Sí,https://www.cursamossos.cat/,
Abril,12/04,Cursa Bombers Lleida,Lleida,10k,Asfalto,No,Sí,No,https://cursesinfantilsbomberslleida.com/,
Abril,12/04,Cursa Fem Salut,Reus,5k,Asfalto,No,Sí,No,https://femsalutsantjoan.cat/,
Abril,12/04,Mitja Montornès,Montornès,21k y 6k,Asfalto,Sí,Sí,Sí,https://mitjamontornes.com/,
Abril,12/04,Mitja Pla De L'Estany,Banyoles,21k y 6k,Asfalto,Sí,Sí,Sí,https://cnbanyoles.cat/competicions/mitja-marato-del-pla-de-lestany/,
Abril,12/04,Cursa Dona Canyelles,Canyelles,8k y 4k,Mixta,No,Sí,No,https://www.weevens.com/esdeveniments/3a-cursa-de-la-dona-de-canyelles/,
Abril,17/04,Cursa De La Sanitat,Badalona,"10k y 5,5k",Mixta,No,Sí,Sí,https://www.hospitalgermanstrias.cat/ca/web/guest/31-cursa-atletica-de-la-sanitat-catalana,
Abril,18/04,Cursa De L'Horta,Lleida,10k y 5k,Mixta,No,Sí,No,https://labandadelhorta.com/esdeveniments/la-cursa-de-lhorta/,
Abril,19/04,Mitja Miami Platja,Montroig,"21k, 10k y 5k",Asfalto,No,Sí,No,https://webtretzesports.wixsite.com/mitjamiamiplatja,
Abril,19/04,Cursa Lo Caspolino,Móra la Nova,10k y 5k,Asfalto,Sí,Sí,No,https://www.runningseries.net/calendari/,
Abril,19/04,Cursa De La Nòria,Torrelameu,10k y 5k,Mixta,No,Sí,No,https://cursadelanoria.weebly.com/,
Abril,19/04,10 Km De Girona,Girona,10k y 5k,Asfalto,No,Sí,No,https://esportsparra.com/,
Abril,19/04,Marató Empúries,Empúries,"42k, 21k, 10k y 5k",Asfalto,Sí,Sí,No,https://esportslescala.cat/marato-dempuries/,
Abril,19/04,Cursa Popular Vilanova i la Geltrú,Vilanova i la Geltrú,5k,Asfalto,No,Sí,No,https://www.vilanova.cat/esports/la_cursa_popular,
Abril,19/04,Cursa i Caminada per la Discapacitat,Montcada i Reixac,"2,5k",Asfalto,No,Sí,No,https://nonstoprun.com/cursadiscapacitat/,
Abril,25/04,Castarun,Sant Joan Despí,10k y 5k,Terra,No,Sí,No,https://www.castarun.com/,
Abril,25/04,Cursa Medijocs,Sant Cugat,7k,Asfalto,No,Sí,Sí,https://medijocs.comb.cat/cursaatletica.htm,
Abril,25/04,Cursa Interempreses Can Gavarra,Polinyà,"5,6k",Mixta,No,Sí,Sí,https://cangavarra.cat/,
Abril,26/04,Marató Del Mediterrani,Castelldefels,"21k, 10k y 5k",Asfalto,Sí,Sí,Sí,https://www.zonavipevents.com/marato-del-mediterrani/,
Abril,26/04,Marató Per Equips,Cornellà,42k y 7k,Mixta,No,Sí,Sí,http://www.corresolidaris.org/marato-per-equips/,
Abril,26/04,Carrera Ponle Freno,Badalona,10k y 5k,Asfalto,No,Sí,Sí,https://www.atresmedia.com/ponle-freno/carreras/2026/badalona/,
Abril,26/04,Cursa De Balafià,Lleida,10k y 5k,Asfalto,No,Sí,No,https://balafia.org/cursa-balafia-2025/,
Abril,26/04,Cursa Montilivi,Girona,10k y 5k,Mixta,No,Sí,No,https://www.cursamontilivi.cat/,
Abril,26/04,Cursa Dona Castelló D'Empúries,Castelló d'Empúries,5k,Mixta,No,Sí,No,https://www.curses.cat/donacastello2026/,
Abril,26/04,Cursa Badia Del Vallès,Badia del Vallès,"10k y 3,5k",Asfalto,No,Sí,No,https://www.instagram.com/lacursadebadia/,
Abril,26/04,Cursa Sant Jordi,Sant Esteve Sesrovires,"5,2k y 2,8k",Asfalto,No,Sí,No,https://www.sesrovires.cat/actualitat/agenda-completa/sant-jordi-2026-38a-cursa-de-sant-jordi.html,
Mayo,01/05,Cursa Montgat,Montgat,10k y 5k,Asfalto,Sí,Sí,Sí,https://www.lasansieventos.com/es/cursa-montgat,
Mayo,01/05,Cursa De Les Tortugues,La Garriga,14k y 7k,Mixta,No,Sí,Sí,https://www.lestortugues.cat/cursa-1-de-maig/,
Mayo,01/05,Cros 1 De Maig,Artès,10k y 5k,Mixta,No,Sí,No,https://amicsdelacursa.cat/,
Mayo,01/05,Run Castell,Figueres,"10k y 4,5k",Mixta,No,Sí,No,https://www.instagram.com/runcastell/,
Mayo,01/05,Cursa Sant Josep,Montblanc,10k,Mixta,No,Sí,No,https://atleticmontblanc.cat/,
Mayo,01/05,Cursa Altafulla,Altafulla,5k,Asfalto,No,Sí,No,https://www.athleticevents.net/cursa/17a-cursa-cursa-1r-maig-altafulla-2026-518,
Mayo,01/05,Milla Urbana Santa Eulàlia,L'Hospitalet de Llobregat,"1,6k",Asfalto,Sí,Sí,No,https://millaurbanasantaeulalia.cat/,
Mayo,01/05,Cursa De La Moixina,Olot,10k,Mixta,No,Sí,No,https://cursadelamoixina.farandularacingteam.cat/,
Marzo,01/05,Milla Del Berguedà,Berga,"1,6k",Asfalto,Sí,Sí,No,https://lamilladelbergueda.org/lacursa,
Marzo,01/05,Cursa de la Moixina,Olot,10k,Mixta,No,Sí,No,https://cursadelamoixina.farandularacingteam.cat/,
Mayo,03/05,Cursa Solidària Cardedeu,Cardedeu,10k y 17k trail,Mixta,No,Sí,No,https://corrigaires.cat/cursa-solidaria-de-cardedeu/,
Mayo,03/05,Cursa Dones Reus,Reus,5k,Mixta,No,Sí,No,https://www.cursadonesreus.cat/,
Marzo,09/05,Milla Vila de Castellar,Castellar del Vallès,"1,6k",Asfalto,Sí,Sí,No,https://clubatleticcastellar.cat/milla-urbana/,
Marzo,09/05,Milla Modernista,Terrassa,"1,6k",Asfalto,No,Sí,No,https://www.ce-terrassa.cat/millamodernista,
Mayo,09/05,5.000 I 10.000 L'Aldea,L'Aldea,10k y 5k,Asfalto,No,Sí,No,https://www.runningseries.net/calendari/,
Mayo,10/05,Cursa Delta Prat,El Prat de Llob.,10k y 5k,Asfalto,Sí,Sí,Sí,https://www.cursadeltaprat.org/,
Mayo,10/05,Corre Por Una Causa,Cornellà de Llob.,10k y 5k,Asfalto,No,Sí,No,https://correporunacausa.org/ca/home-ca/,
Mayo,10/05,Mitja Tàrrega,Tàrrega,21k y 10k,Mixta,No,Sí,Sí,https://fondistestarrega.com/ca/pc/2-mitja-marato-i-10-km-ciutat-de-tarrega,
Mayo,10/05,Entrepobles Alt Empordà,Per decidir,10k,Mixta,No,Sí,No,https://www.entrepobles.run/cursa-alt-emporda/,
Mayo,10/05,Cursa El Corte Inglés,Barcelona,10k y 5k,Asfalto,Sí,Sí,Sí,https://cursaelcorteingles.cat/,
Mayo,10/05,Cursa Dona Rubí,Rubí,"3,6k",Mixta,No,Sí,No,https://www.instagram.com/oncolligarubi/,
Mayo,10/05,Carrera Km contra el cáncer Gavà,Gavà,5k ,Asfalto,No,Sí,No,https://barcelonaenmarxa.org/es/#calendari,
Mayo,10/05,Cursa Green Urban,Badalona,5k,Mixta,No,Sí,No,https://www.instagram.com/green_urban_games_/,
Mayo,10/05,Cursa De Font En Font,Gurb,10k,Mixta,No,Sí,No,https://www.instagram.com/cursadefontenfont/,
Mayo,10/05,Cursa Del Corriol,Solsona,10k y 5k,Mixta,No,Sí,No,https://www.instagram.com/cursadelcorriol/,
Mayo,10/05,Batalla Dels Herois,El Bruc,21k y 10k,Mixta,No,Sí,No,https://www.instagram.com/p/DUjEfHTDQUD/,
Mayo,10/05,Cursa de la Fira dels somnis,Balaguer,5k y 3k,Mixta,No,Sí,No,https://www.instagram.com/p/DXrtZn6DErq/?igsh=YWVvaDBmZXY2bGxt,
Mayo,10/05,Cursa Popular d'Ódena,Òdena,"1,5k",Mixta,No,Sí,No,https://www.ceanoia.cat/noticia/30a-cursa-popular-ddena/3188,
Mayo,16/05,Cursa Nocturna L'Hospitalet,L'Hospitalet de Llob.,10k y 5k,Asfalto,Sí,Sí,Sí,https://cursanocturnalh.cat/,
Mayo,16/05,Cursa De La Cervesa,Sant Miquel de Balenyà,10k,Mixta,No,Sí,No,https://cervesamontseny.cat/cursa-de-la-cervesa/,
Mayo,16/05,Volta dels Carros,Mora d'Ebre,10k y 5k,Asfalto,No,Sí,No,https://picossatrail.cat/volta-dels-carros/,
Mayo,16/05,Vertical Montserrat,Montserrat,1k,Escaleras,No,Sí,No,https://verticalmontserrat.org/inscripcions/?lang=es,
Mayo,16/05,Cursa de la Primavera,Sabadell,"0,75k",Asfalto,No,Sí,No,https://agora.xtec.cat/ceiplaromanica/general/28a-cursa-de-la-primavera/,
Mayo,17/05,Cursa Nou Barris,Barcelona,10k y 5k,Asfalto,Sí,Sí,Sí,http://www.cursanoubarris.cat/,
Mayo,17/05,Checkpoint Race,Barcelona,10-30k orientació,Asfalto,No,Sí,No,https://www.checkpointbcn.com/,
Mayo,17/05,Cursa Ipsi Solidària,Barcelona,2k,Asfalto,No,Sí,No,https://ampaipsi.cat/cursa/,
Mayo,17/05,5K I 10K Vilanova,Vilanova i la Geltrú,10k y 5k,Asfalto,Sí,Sí,Sí,https://cursa10kmvng.com/,
Mayo,17/05,Cursa Sant Quirze,Sant Quirze del Vallès,10k y 5k,Mixta,No,Sí,Sí,https://activitats.corredors.cat/cursasantquirze/cursa/,
Mayo,17/05,Cursa de Primavera,Sant Andreu de la Barca,5k,Asfalto,No,Sí,No,https://esports.sabarca.cat/noticies/182,
Mayo,17/05,Run Festival Tossa,Tossa de Mar,"21k, 10k y 5k",Asfalto,No,Sí,Sí,https://runfestivaltossa.com/,
Mayo,17/05,Cursa Claver,Raimat,10k y 5k,Terra,No,Sí,No,https://sites.google.com/fje.edu/events/cursa-claver-natura-2026,
Mayo,17/05,Cursa Embarrocat,Aitona,"10k y 5,5k",Mixta,No,Sí,No,https://embarrocat.wixsite.com/aitona,
Mayo,17/05,Cursa Des-Connecta Per L'Autisme,Castelldefels,5k y 1k,Asfalto,No,Sí,No,https://asociacionistea.com/,
Mayo,17/05,Cursa Vallparadís,Terrassa,"4,7k",Asfalto,No,Sí,No,https://ceterrassa.cat/barris/,
Mayo,23/05,Cursa Antiracista Terrassa,Terrassa,6k,Asfalto,No,Sí,No,https://cursaantiracista.com/,
Mayo,23/05,Igualada Urban Running,Igualada,5k,Asfalto,No,Sí,No,https://igualadaurbanrunning.cat/,
Mayo,23/05,10.000 I 5.000 El Perelló,El Perelló,10k y 5k,Asfalto,Sí,Sí,No,https://www.runningseries.net/calendari/,
Mayo,23/05,Milla Urbana Cambrils,Cambrils,Milla,Asfalto,No,Sí,No,https://www.rockthesport.com/ca/esdeveniment/vi-milla-urbana-solidaria-cambrils-2026,
Mayo,24/05,Cursa De La Bassella,Miralcamp,10k y 5k,Mixta,No,Sí,No,https://www.instagram.com/cursadelabassella/,
Mayo,24/05,Cursa Dir Guàrdia Urbana,Barcelona,10k y 5k,Asfalto,Sí,Sí,Sí,https://www.dir.cat/ca/cursa-diagonal,
Mayo,24/05,Milla Urbana Montcada I Reixac,Montcada i Reixac,Milla,Asfalto,Sí,Sí,No,https://www.jam.cat/lamilla.html,
Mayo,24/05,Fun Run Port Aventura,Vila-seca,10k y 5k,Asfalto,No,Sí,No,https://fundacionportaventura.org/eventos/funrun/,
Mayo,24/05,Cursa Solidària Esplugues,Esplugues de Llob.,10k y 5k,Asfalto,No,Sí,Sí,https://cursasolidaria.esplugues.cat/,
Mayo,24/05,Cursa Del Dimoni,Caldes de Montbui,10k y 5k,Mixta,No,Sí,No,https://clubatleticcalderi.com/curses1/index,
Mayo,24/05,Cursa Ens Movem Per L'Ela,Sant Jaume d'Enveja,6k,Mixta,No,Sí,No,https://webtretzesports.wixsite.com/ensmovemperlela,
Mayo,24/05,Cursa de la Dona Premià de Mar,Premià de Mar,5k,Asfalto,No,Sí,No,https://www.9hsports.cat/ca/informacio_cursa/1209,
Mayo,24/05,Cursa de la Dona Priorat,Ulldemolins,10k y 5k,Mixta,No,Sí,No,https://sites.google.com/view/aemontsant-cursadonapriorat/3a-cursa-de-la-dona-del-priorat?utm_source=ig&utm_medium=social&utm_content=link_in_bio&fbclid=PAZXh0bgNhZW0CMTEAc3J0YwZhcHBfaWQMMjU2MjgxMDQwNTU4AAGnOkqE4PKta5Fk4ChJCXpttX5DvYaIYUZu9LjRUpO34FlOkj9v5nJfkk4HOR4_aem_eiJVcAT6DvoRvZBXUyziIA,
Mayo,24/05,Cursa Sant Pere,Terrassa,"6,1k",Asfalto,No,Sí,No,https://ceterrassa.cat/barris/,
Mayo,24/05,Cursa Antiracista Sallent,Sallent,5k,Asfalto,No,Sí,No,https://cursaantiracista.com/,
Mayo,24/05,Cursa Maristes Girona,Girona,10k y 5k,Asfalto,No,Sí,No,https://app.girona.cat/agenda/i/1779108875age52365/cursa-popular-maristes-girona,
Mayo,24/05,Cursa del Puig i La Valenciana,Gelida,4k,Asfalto,No,Sí,No,https://www.gelida.cat/actualitat/agenda/xvi-cursa-del-puig-i-la-valenciana-.html,
Mayo,24/05,Cursa Cunit - Calafell,Cunit,10k y 5k,Asfalto,No,Sí,No,https://www.cunit.cat/cunit-acollira-la-iv-cursa-cunit-calafell-el-proper-24-de-maig-amb-una-amplia-oferta-de-categories/,
Mayo,31/05,Ens movemn per l'ELA,Sant Jaume d'Enveja,5k,Asfalto,No,Sí,No,https://web.rockthesport.com/es/event/ens-movem-per-lela-2026,
Mayo,31/05,Cursa del Dimoni,Badalona,10k y 5k,Asfalto,No,Sí,Sí,https://www.badalona.cat/ca/actualitat/noticies/la-46a-cursa-popular-ciutat-de-badalona-cursa-del-dimoni-se-celebra-el-dissabte-30-de-maig-en-horari-de-tarda,
Mayo,31/05,Cursa Vall D'Hebron,Barcelona,5k,Asfalto,No,Sí,Sí,https://www.vallhebron.com/cursa,
Mayo,31/05,Corro Contra El Càncer,Sabadell,5k,Asfalto,No,Sí,No,https://corrocontraelcancer.cat/,
Mayo,31/05,Pujada Al Coll De Pal,Bagà,19k,Asfalto,No,Sí,No,https://www.atletismebaga.cat/category/curses/pujada-coll-de-pal/,
Mayo,31/05,Carrera Km contra el cáncer Barcelona,Barcelona,5k y 2k,Asfalto,No,Sí,Sí,https://barcelonaenmarxa.org/es/#calendari,
Mayo,31/05,Cursa Pla de Bonaire,Terrassa,"5,7k",Asfalto,No,Sí,No,https://ceterrassa.cat/barris/,
Mayo,31/05,Cursa Antiracista Girona/Salt,Salt,5k,Asfalto,No,Sí,No,https://cursaantiracista.com/,
Mayo,31/05,Cursa de la Dona al Port de la Selva,El Port de la Selva,4k,Asfalto,No,Sí,No,https://www.instagram.com/p/DXtZvJuDJAd/?igsh=MWRiaXg4N2JheXU0Mg%3D%3D,
Mayo,31/05,Mitja Rural de Reus,Reus,21k y 10k,Mixta,No,Sí,No,https://inscripcions.reus.cat/4aediciodelamitjamaratoruraldereus,
Mayo,31/05,"Cursa solidària: cada pas, un nom de dona",Botarell,10k y 5k,Mixta,No,Sí,No,https://rgproject.org/ca/carrera-solidaria/,
Junio,07/06,Abrera Corre D9,Abrera,10k y 5k,Mixta,No,Sí,Sí,https://cursaabrera.wordpress.com/,
Junio,07/06,Cursa Antiracista Vic,Vic,Por confirmar,Asfalto,No,Sí,No,https://cursaantiracista.com/,
Junio,07/06,Cursa Ela Sant Adrià,Sant Adrià de Besòs,5k,Asfalto,No,Sí,Sí,https://www.lasansi.com/ca/sant-adria-de-besos,
Junio,07/06,Els 10 Blaus,Barcelona,10k y 5k,Mixta,No,Sí,Sí,https://cvg.cat/cursa,
Junio,07/06,Cursa Pineda De Mar,Pineda de Mar,10k,Asfalto,No,Sí,Sí,https://gesport.cat/curses/,
Junio,07/06,Cursa Memorial Ramon Oliu,Cantonigròs,10k,Mixta,No,Sí,No,http://cursaramonoliu.cat/,
Junio,07/06,Els 10 De Santa,Santa Perpètua de Mogoda,10k,Mixta,No,Sí,Sí,https://www.staperpetua.cat/ajuntament/plans-campanyes-i-programes/els-10-de-santa.html,
Junio,07/06,Carrera Km contra el cáncer Sant Cugat,Sant Cugat del Vallès,5k ,Asfalto,No,Sí,No,https://barcelonaenmarxa.org/es/#calendari,
Junio,13/06,Cursa Antiracista Barcelona,Barcelona,5k,Asfalto,No,Sí,Sí,https://cursaantiracista.com/,
Junio,13/06,10.000 I 5.000 La Sénia,La Sénia,10k y 5k,Asfalto,Sí,Sí,No,https://www.runningseries.net/calendari/,
Junio,13/06,Cursa De La Guineu,Vilanova de Bellpuig,10k y 5k,Mixta,No,Sí,No,https://cursaguineu.cat/,
Junio,14/06,La Cursa dels 150 anys,El Prat de Llobregat,5k,Asfalto,No,Sí,Sí,https://cursa150.estrelladamm.com/,
Junio,14/06,Cursa Del Foc,Olesa de Montserrat,10k y 5k,Asfalto,Sí,Sí,Sí,https://www.cursadelfoc.cat/,
Junio,14/06,Just Urban Trail,Sant Just Desvern,"3,2k",Mixta,No,Sí,No,https://trailbarcelona.com/ca/justurbantrail,
Junio,14/06,Cursa Rotary Banyoles,Banyoles,"6,4k",Asfalto,No,Sí,No,https://www.instagram.com/p/DVu6ECkCOSP/,
Junio,14/06,Cursa Roc Blanc,Terrassa,"5,2k",Asfalto,No,Sí,No,https://ceterrassa.cat/barris/,
Junio,14/06,Cursa del Secà d'Alcano,Alcanó,10k y 5k,Mixta,No,Sí,No,https://cursadelsecadalcano.com/,
Junio,14/06,Pujada a Miramar,Valls,15k,Mixta,No,Sí,No,https://www.aaeet.com/wp/?page_id=1299,
Junio,20/06,Cursa Nocturna Cornellà Running 1900,Cornellà de Llobregat,5k,Asfalto,No,Sí,Sí,https://www.corresolidaris.org/cursa-nocturna-cornella/,
Junio,20/06,Cursa Estiu Premià,Premià de Mar,10k y 5k,Mixta,No,Sí,Sí,https://premiademar.cat/cursadestiu,
Junio,20/06,Milla Urbana Badalona,Badalona,Milla,Asfalto,Sí,Sí,No,https://gesport.cat/2026-milla-urbana-badalona/,
Junio,20/06,Milla Urbana Canet de Mar,Canet de Mar,Milla,Asfalto,Sí,Sí,No,https://fcatletisme.cat/event/10a-milla-urbana-de-canet-de-mar/,
Junio,20/06,Cursa Vinyes Del Mig,Bell-lloc d'Urgell,10k y 5k,Mixta,No,Sí,No,https://sites.google.com/view/cursavinyesdelmig,
Junio,21/06,La Cursiva,Badalona,5k,Asfalto,No,Sí,Sí,https://www.instagram.com/lacima_club/,
Junio,21/06,Cursa Ciutat Cooperativa,Sant Boi de Llobregat,10k y 5k,Asfalto,No,Sí,Sí,https://www.instagram.com/runners_cooperativa/,
Junio,21/06,Cursa Solidària PN i GU L'Hospitalet,L'Hospitalet de Llob.,"5,5k",Mixta,No,Sí,Sí,https://www.ipacatalunya.org/cursa-per-la-paralisi-cerebal-ruta-091-hospitalet/,
Junio,21/06,Cursa Aquopolis Costa Daurada,Vila-seca,5k,Asfalto,No,Sí,No,https://www.athleticevents.net/cursa/11a-cursa-solidaria-aquopolis-costa-daurada-la-pineda-platja-529?fbclid=IwY2xjawR4-eVleHRuA2FlbQIxMABicmlkETFmRmhvdk5lUGI1bFRnckM3c3J0YwZhcHBfaWQQMjIyMDM5MTc4ODIwMDg5MgABHqUNfSw0o5woBzklRrKweNWI7JCXYLwPNYI3iV4pCcXA0Pss57wCE86xAkgC_aem_ac1RlNTxsLaVtOFhkI5I8A,
Junio,24/06,Cros de Sant Joan,El Prat de Lluçanès,6k,Mixta,No,Sí,No,https://www.instagram.com/crossantjoan/,
Junio,28/06,Pujada a les Dues Pedres,Santa Coloma de Gramenet,10k y 5k,Mixta,Sí,Sí,Sí,https://uca.cat/33-pujada-a-les-dues-pedres-informacio-inscripcions/,https://wp.me/pNuBu-o1K
Junio,28/06,Milla Urbana de Sant Pere,Palau-solità i Plegamans,"1,6k",Asfalto,Sí,Sí,No,https://www.instagram.com/millaurbanasantpere/,
Junio,28/06,Cursa Popular del Gornal,L'Hospitalet de Llob.,Por confirmar,Asfalto,Sí,Sí,No,https://www.instagram.com/millaurbanasantpere/,
Junio,28/06,La Cogullada,Terrassa,"5,3k",Asfalto,No,Sí,No,https://ceterrassa.cat/barris/,
Julio,01/07,Els 7 Portals,Vic,5k,Asfalt,No,Sí,No,https://www.vic.cat/serveis/esports/esdeveniments/cursa-nocturna-els-7-portals-1,
Julio,04/07,Cursa Dani Vilassar,Vilassar de Mar,10k y 5k,Asfalto,No,Sí,Sí,https://danievents.cat/,
Julio,04/07,Cursa Lo Balcó Del Delta,Camarles,10k y 5k,Asfalto,No,Sí,No,https://www.runningseries.net/calendari/,
Julio,04/07,Cursa Nectarina Atlètica,Alcarràs,"10k y 5,5k",Mixta,No,Sí,No,https://www.instagram.com/nectarinaatletica/,
Julio,04/07,Cros De Carme,Carme,"5,5k",Mixta,No,Sí,No,https://www.instagram.com/cross_de_carme/,
Julio,04/07,Cursa Festa Major Terrassa,Terrassa,6k,Asfalto,No,Sí,No,https://ceterrassa.cat/cursa-festa-major/,
Julio,05/07,Cursa Pallejà,Pallejà,10k y 5k,Asfalto,No,Sí,Sí,https://cursadepalleja.es/,
Julio,05/07,Miilla Urbana Arenys de Mar,Arenys de Mar,Milla,Asfalto,No,Sí,No,https://gesport.cat/formulari/milla-urbana-arenys-de-mar-2026/,
Julio,10/07,Cursa de la Dona Riudoms,Riudoms,5k,Asfalto,No,Sí,No,https://webtretzesports.wixsite.com/cursadonariudoms,
Julio,10/07,La Gurrinada,Santa Maria de Martorelles,12k,Mixta,No,Sí,Sí,https://lagurrinada.com/,
Julio,11/07,Sansi Viladecans,Viladecans,5k,Asfalto,Sí,Sí,Sí,https://www.lasansi.com/es/sansi-viladecans,
Julio,11/07,Cursa Dels Firals,Bellvís,"10k y 5,5k",Mixta,No,Sí,No,https://cursadelsfirals.cat/#about,
Julio,11/07,Cursa Ca n'Anglada,Terrassa,5k,Asfalto,No,Sí,No,https://ceterrassa.cat/barris/,
Julio,11/07,Cursa La Plana,Vila-seca,5k,Asfalto,No,Sí,No,https://www.runnersvilaseca.com/cursalaplana,
Julio,12/07,Cursa Llafranc · Pujada al Far de Sant Sebastià,Palafrugell,10k,Mixta,No,Sí,No,https://www.capalafrugell.cat/llafranc/,
Julio,17/07,Milla Urbana barri de Covadonga,Sabadell,Milla,Asfalto,No,Sí,No,https://www.instagram.com/avcovadonga/,
Julio,18/07,La Ultraplana de la Barquera,Roda de Berà,5k,Asfalto,No,Sí,No,https://www.athleticevents.net/reglament/cursa-popular-la-ultraplana-de-la-barquera-2026-530,
Julio,18/07,Cursa Solidària La Granada,La Granada,15k y 7k,Mixta,No,Sí,No,https://www.instagram.com/cursasolidarialagranada/,
Julio,18/07,Cursa Nocturna de Vilafant,Vilafant,10k y 5k,Mixta,No,Sí,No,https://www.instagram.com/la.nocturna.de.vilafant/,
Julio,19/07,Cursa Poble Sec,Barcelona,10k y 5k,Asfalto,No,Sí,Sí,http://www.carunning.net/,
Julio,19/07,Cursa Popular El Vendrell,El Vendrell,6k,Asfalto,No,Sí,No,https://www.runnerselvendrell.cat/?page_id=3597,
Julio,23/07,La Jau-Meta Run,Montroig del Camp,5k,Mixta,No,Sí,No,https://webtretzesports.wixsite.com/jau-meta-run,
Julio,23/07,Cros de Sant Jaume,Sant Pere de Ribes,10k y 5k,Mixta,No,Sí,No,https://www.instagram.com/p/Da41FB2IrN6/?igsh=MTBnZmxrOTA0ZDJ4NA%3D%3D,
Julio,24/07,Nocturna de Sant Jaume,Reus,10k,Mixta,No,Sí,No,https://webtretzesports.wixsite.com/nocturnasantjaume,
Julio,24/07,Cursa del Cor,Gironella,5k,Asfalto,No,Sí,No,https://web.rockthesport.com/es/event/cursa-del-cor-47a-cursa-sant-jaume-gironella-memorial-quim-raich,
Julio,25/07,Cursa de l'Àngel d'Almenar,Almenar,10k y 5k,Mixta,No,Sí,No,https://www.instagram.com/paeriaalmenaresports/?igshid=OGQ5ZDc2ODk2ZA%3D%3D,
Julio,25/07,Cursa Popular de Santa Cristina d’Aro,Santa Cristina d’Aro,10k y 5k,Mixta,No,Sí,No,https://cursasantacristinadaro.wordpress.com/,
Julio,25/07,La Prèvia de Tona,Tona,5k,Asfalto,No,Sí,No,https://www.instagram.com/lapreviadetona/,
Julio,25/07,Cursa Nocturna Cunit,Cunit,5k,Asfalto,No,Sí,No,https://transtriatlon.com/#/eventos,
Julio,25/07,Milla de Parets del Vallès,Parets del Vallès,Milla,Asfalto,No,Sí,No,https://www.instagram.com/p/Daql-3EIkn5/?hl=es,
Julio,26/07,Cursa L'Hospitalet de l'Infant,L'Hospitalet de l'Infant,5k,Asfalto,No,Sí,No,https://webtretzesports.wixsite.com/cursahospitalet,
Julio,28/07,Cursa Les Santes Mataró,Mataró,"5,5k",Asfalto,No,Sí,Sí,https://www.lessantes.cat/agenda-cultura/2026-46a-cursa-popular-les-santes,
Agosto,01/08,Cursa L'Espluga De Francolí,L'Espluga de Francolí,10k y 5k,Asfalto,No,Sí,No,https://caesplugui.cat/cursa-atletica/,
Agosto,01/08,Cros Vila de Torredembarra,Torredembarra,"6,5k y 3,2k",Asfalto,No,Sí,No,https://web.rockthesport.com/es/event/48e-cros-popular-vila-de-torredembarra-2026,
Agosto,01/08,Era Nocturna Vielha,Vielha,10k y 5k,Asfalto,No,Sí,No,https://www.nocturnadevielha.com/,
Agosto,01/08,Cursa Popular La Garriga,La Garriga,"4,2k",Mixta,No,Sí,Sí,https://www.championchip.cat/web/wp-content/uploads/2026/06/Reglament-44-%C2%AA-cursa-popular-2026.pdf,
Agosto,01/08,Cursa d'Age,Puigcerdà,8k,Mixta,No,Sí,No,https://www.puigcerda.cat/ca/serveis/esports/43-cursa-popular-d-age-2026/,
Agosto,02/08,Cursa Popular Bagà,Bagà,8k,Mixta,No,Sí,No,https://www.atletismebaga.cat/category/curses/cursa-popular/,
Agosto,02/08,Cursa Campi qui Pugui,El Papiolet,10k,Mixta,No,Sí,No,https://www.athleticevents.net/cursa/20a-cursa-campi-qui-pugui-del-papiolet-528,
Agosto,02/08,Font Run,Mediona,10k y 5k,Mixta,No,Sí,No,https://www.athleticevents.net/cursa/20a-cursa-campi-qui-pugui-del-papiolet-528,
Agosto,05/08,Cursa Popular Argentona,Argentona,5k,Asfalto,No,Sí,No,https://argentona.cat/document.php?id=63719,
Agosto,08/08,Milla Popular Sant Feliu de Guíxols,Sant Feliu de Guíxols,Milla,Asfalto,No,Sí,No,https://curses.cat/millasantfeliu2026/,
Agosto,08/08,Cursa del Seguici,Tarragona,5k,Asfalto,No,Sí,No,https://alliberadrenalina.com/cursa_seguici_tgn/,
Agosto,08/08,Cursa Festa Major Roda de Berà,Roda de Berà,"7,6k",Mixta,No,Sí,No,https://festamajorcursarodadebera.webnode.es/,
Agosto,09/08,Cursa Popular Amer,Amer,12k y 6k,Mixta,No,Sí,No,https://curses.cat/amer2026/,
Agosto,09/08,Cursa Popular Baltarga,Baltarga,5k,Mixta,No,Sí,No,https://esportsbellver.org/,
Agosto,11/08,Cursa Èric,Vimbodí,"6k y 3,2k",Mixta,No,Sí,No,https://www.instagram.com/somdepoblevmb,
Agosto,15/08,Cursa Festa Major Manlleu,Manlleu,5k,Mixta,No,Sí,No,https://www.olimpicmanlleu.cat/cursa-de-la-festa-major/,
Agosto,15/08,La nit de Sant Bonós,Blanes,8k,Asfalto,No,Sí,No,https://www.blanes.cat/docweb/caminadapopularnitdesantbonos,
Agosto,15/08,Milla Urbana de Prades,Prades,Milla,Asfalto,No,Sí,No,https://www.instagram.com/pradesturisme/,
Agosto,18/08,Cursa Popular Tamariu-Palafrugell-Tamariu,Palafrugell,"10,8k",Mixta,No,Sí,No,https://www.curses.cat/tamariu2026/,
Agosto,20/08,Cursa Popular Salomó,Salomó,Por confirmar,Por confirmar,No,Sí,No,https://www.instagram.com/p/DcQYTB5smOI/,
Agosto,21/08,Cursa del gos de Massoteres,Massoteres,10k,Mixta,No,Sí,No,https://www.instagram.com/joventut_massoteres/,
Agosto,22/08,Cursa del Blat de Moro,Cabanes,10k,Mixta,No,Sí,No,https://www.instagram.com/cursablatdemoro/,
Agosto,23/08,Cursa Festa Major Castellbisbal,Castellbisbal,"6,3k",Asfalto,No,Sí,No,https://www.mindundisteam.com/,
Agosto,24/08,Funimetrada Gelida,Gelida,"1,6k",Asfalto,No,Sí,No,https://web.rockthesport.com/es/event/funimetrada-gelida-2026,
Agosto,25/08,Cursa d'en Jaumet,Sant Hilari Sacalm,5k,Asfalto,No,Sí,No,https://www.santhilari.cat/agenda/cursa-den-jaumet/,
Agosto,26/08,Cursa Solidària de Santa Rosalía,Torredembarra,"3,2k",Asfalto,No,Sí,No,https://www.athleticevents.net/cursa/3a-cursa-solidaria-de-santa-rosalia-torredembarra-533,
Agosto,28/08,Cursa Popular Rodonyà,Rodonyà,"2,6k",Asfalto,No,Sí,No,https://www.instagram.com/comissiorodonya/,
Agosto,29/08,Cursa Pedestre Móra d´Ebre,Mora d'Ebre,1k,Asfalto,No,Sí,No,https://picossatrail.cat/cursa-pedestre/,
Agosto,29/08,Cursa Tossal de les Tenalles,Sidamon,10k y 5k,Mixta,No,Sí,No,https://www.cursatossaldelestenalles.cat/,
Agosto,29/08,Cursa La Farga,Barcelona,2k,Asfalto,No,Sí,Sí,https://www.corresolidaris.org/cursa-placa-la-farga/,
Agosto,29/08,Cursa Festa Major Matadepera,Matadepera,"6,5k",Mixta,No,Sí,No,https://www.instagram.com/cursafestamajormatadepera,
Agosto,29/08,Cursa Festa Major Dosrius,Dosrius,10k y 5k,Mixta,No,Sí,No,https://www.instagram.com/p/DcS3RUcDetN/,
Agosto,30/08,Cursa Festa Major Sants,Barcelona,2k,Asfalto,No,Sí,Sí,https://aacatalunya.net/cursa-xvii-festa-major-sants/,
Agosto,30/08,Cursa Festa Major Ripollet,Ripollet,10k y 5k,Asfalto,No,Sí,Sí,https://www.ripolletua.com/,
Agosto,30/08,Cursa Maria Víctor,Palau-Solità i Plegamans,"6,9k",Mixta,No,Sí,No,https://sportmaniacs.com/ca/services/inscription/45a-cursa-popular-maria-victor-2026,
Agosto,30/08,Mini-marató Calella de Palafrugell,Palafrugell,"8,8k",Mixta,No,Sí,No,https://www.capalafrugell.cat/mini-marato-calella-de-palafrugell/,
Agosto,30/08,Social Run Gimenells,Gimenells,10k y 5k,Mixta,No,Sí,No,https://www.instagram.com/socialrungimenells/,
Septiembre,05/09,Cursa Festa Major Santa Coloma,Santa Coloma de Gramenet,5k,Asfalto,No,Sí,Sí,https://esportsgramenet.cat/cursafestamajor,
Septiembre,05/09,Cursa Festa Major Santa Perpètua,Santa Perpètua de la Mogoda,5k,Mixta,No,Sí,No,https://www.championchip.cat/web/wp-content/uploads/2026/07/REGLAMENT-11%C2%AA-CURSA-FESTA-MAJOR-2026.pdf,
Septiembre,05/09,Cursa 'Parlem del suïcidi',Avinyonet de Puigventós,9k,Mixta,No,Sí,No,https://tdssuicidio.com/,
Septiembre,05/09,Portal Avalanche,Berga,"1,3k",Asfalto,No,Sí,No,https://www.jaberga.com/avalanche,
Septiembre,05/09,Vertical Colònia Montserrat,Valldoreix,1k,Asfalto,No,Sí,No,https://web.rockthesport.com/es/event/vertical-colonia-montserrat-2026,
Septiembre,06/09,Cursa del Mosquit,Manresa,10k y 5k,Mixta,No,Sí,No,https://www.theclubpadel.com/theclub-portfolio/cursa-mosquit/,
Septiembre,06/09,Cursa De La Vinya,Sant Llorenç d'Hortons,21k y 10k,Mixta,No,Sí,Sí,https://www.ajhortons.cat/temes/esport/la-29-ena-cursa-de-la-vinya-i-la-8ena-pampol-trail-,
Septiembre,06/09,Cursa Festa Major Sabadell,Sabadell,5k,Asfalto,No,Sí,Sí,https://www.cursafestamajorsabadell.cat/,
Septiembre,06/09,Cursa La Cordera,Albesa,10k y 5k,Asfalto,No,Sí,No,https://corderaalbesa.wixsite.com/cordera,
Septiembre,11/09,Cursa Popular Viladecans,Viladecans,5k,Asfalto,No,Sí,Sí,https://www.catvila.org/,
Septiembre,11/09,Cursa Popular Vall De Tenes,Bigues,10k,Mixta,No,Sí,No,https://www.mancomunitatvalltenes.cat/,
Septiembre,11/09,Cursa de la Diada,Térmens,10k,Mixta,No,Sí,No,www.cursadeladiada.cat,
Septiembre,11/09,Cursa Popular Vallirana,Vallirana,5k,Asfalto,No,Sí,No,https://www.vallirana.cat/el-municipi/turisme/esdeveniments-esportius/cursa-popular-11-de-setembre.html,
Septiembre,11/09,La 6.6 Bellaterra,Bellaterra,"6,6k",Mixta,No,Sí,No,https://la6punt6debellaterra.cat/,
Septiembre,11/09,Cros Popular 11 de Setembre,Santa Coloma de Cervelló,5k,Mixta,No,Sí,No,https://web.rockthesport.com/es/event/44e-cros-popular-11-de-setembre-2026,
Septiembre,11/09,Despertaferro Bàscara,Bàscara,"11,8k y 6,3k",Mixta,No,Sí,No,https://despertaferrobascara.cat/,
Septiembre,12/09,Pujada a la Torre Collserola,Barcelona,"2,2k",Escaleras,No,No,No,https://veinsdevallvidrera.blogspot.com/,
Septiembre,12/09,Cursa Popular Castellar,Castellar del Vallès,"4,8k",Asfalto,No,Sí,No,https://clubatleticcastellar.cat/cursa-popular/,
Septiembre,12/09,Millenial Race,Cabacés,8k y 5k,Obstáculos,No,Sí,No,https://millennialrace.laketab.com/?utm_source=ig&utm_medium=social&utm_content=link_in_bio&fbclid=PAZXh0bgNhZW0CMTEAc3J0YwZhcHBfaWQPOTM2NjE5NzQzMzkyNDU5AAGnIViz2J_n2W2J8-FuxrgC8YHH5RlNhmKJRjzaetcJkDSPCoRBM14Ixp-WSd0_aem_-EnghqJHH1H96A01BEaGtQ,
Septiembre,12/09,La Cursa del Laberint,Pavia / Talavera,5k,Mixta,No,Sí,No,https://lanostramel.com/la-cursa-del-laberint/,
Septiembre,13/09,Cursa Bellvitge,L'Hospitalet de Llobregat,5k,Asfalto,No,Sí,No,https://www.instagram.com/cursasolidariabellvitge/,
Septiembre,13/09,Cursa Apaguem El Càncer (Bombers Girona),Girona,10k y 5k,Asfalto,No,Sí,No,https://www.cursabombersgirona.cat/,
Septiembre,13/09,Cros Ametlla Merola,L'Ametlla de Merola,10k y 5k,Mixta,No,Sí,Sí,http://cross.ametllademerola.cat/,
Septiembre,13/09,La Cursa de la Coia,Reus,5k,Asfalto,No,Sí,No,https://www.xiquetsdereus.cat/la-cursa-de-la-coia/,
Septiembre,13/09,Peonada Popular de Santa Tecla,Tarragona,"5,8k",Asfalto,No,Sí,No,https://www.tarragona.cat/esports/activitats/activitats-populars/peonada-popular,
Septiembre,18/09,Milla del Drac,Barcelona,Milla,Asfalto,No,Sí,No,https://knlts.cat/LA-MILLA-DEL-DRAC/,
Septiembre,18/09,Seu Vella Night Race,Lleida,"5,4k",Asfalto,No,Sí,No,https://www.instagram.com/westrunnersproject/,
Septiembre,19/09,10K I 5K De Jesús,Jesús (Tortosa),10k y 5k,Asfalto,No,Sí,No,https://www.runningseries.net/calendari/,
Septiembre,19/09,Cursa Festa Major Sant Feliu Codines,Sant Feliu de Codines,8k,Mixta,No,Sí,No,https://www.santfeliudecodines.cat/actualitat/noticies/obertes-les-inscripcions-a-les-curses-de-festa-major-2026.html,
Septiembre,19/09,Km Contra el Càncer Badia,Badia del Vallès,"3,5k",Asfalto,No,Sí,No,https://barcelonaenmarxa.org/es/,
Septiembre,20/09,Km Contra el Càncer Granollers,Granollers,5k,Asfalto,No,Sí,No,https://barcelonaenmarxa.org/es/,
Septiembre,20/09,Km Contra el Càncer Sant Cebrià,Sant Cebrià de Vallalta,Por confirmar,Por confirmar,No,Sí,No,https://barcelonaenmarxa.org/es/,
Septiembre,20/09,Albagés Mou-te contra el càncer,Albagés,10k y 5k,Mixta,No,Sí,No,https://web.rockthesport.com/es/event/albages-mou-te-contra-el-cancer,
Septiembre,20/09,Linyola Mou-te contra el càncer,Linyola,10k y 5k,Mixta,No,Sí,No,https://web.rockthesport.com/es/event/linyola-mou-te-contra-el-cancer,
Septiembre,20/09,Cursa - Caminada Entremuralles,Cervera,5k,Asfalto,No,No,No,https://cesegarra.cat/cursa-popular-entre-muralles/,
Septiembre,20/09,Cursa Mercè,Barcelona,10k,Asfalto,Sí,Sí,Sí,https://www.barcelona.cat/cursamerce/ca,
Septiembre,20/09,Cursa Sant Miquel Molins,Molins de Rei,"10k y 3,5k",Asfalto,No,Sí,Sí,https://www.molinsderei.site/cursasantmiquel/,
Septiembre,20/09,Cursa De La Vaca,Vallfogona,10k y 5k,Asfalto,No,Sí,No,https://www.cansallebres.cat/,
Septiembre,20/09,Cursa L'Ametlla De Vilagrassa,L'Ametlla de Vilagrassa,10k y 5k,Mixta,No,Sí,No,https://www.vilagrassa.cat/firametlla/cursa,
Septiembre,20/09,Cursa De La Dona Ripoll,Ripoll,5k,Asfalto,No,Sí,No,https://ripoll.cat/cursadeladona/,
Septiembre,20/09,Cursa De La Dona Roses / Santa Margarita,Roses,5k,Asfalto,No,Sí,No,https://www.atletismeroses.cat/cursa-de-la-dona,
Septiembre,20/09,Cursa Popular Prat,El Prat de Llobregat,10k y 5k,Asfalto,No,Sí,Sí,https://www.elprat.cat/esports/actes-esportius/cursa-popular,
Septiembre,26/09,Cursa Festa Major Barri Centre,Viladecavalls,5k,Asfalto,No,No,No,https://www.instagram.com/avviladecavallscentre/,
Septiembre,26/09,Correnou,La Nou de Gaià,6k,Mixta,No,Sí,No,https://www.rockthesport.com/ca/esdeveniment/trail-la-nou-de-gaia-2026,
Septiembre,26/09,Cursa Nocturna De La Cerveza Montseny,Sant Miquel de Balenyà,10k,Mixta,No,Sí,No,https://cervesamontseny.cat/es/carrera-de-la-cerveza-nocturna/,
Septiembre,26/09,Km Contra el Càncer El Bedorc,El Bedorc,7k,Mixta,No,Sí,No,https://barcelonaenmarxa.org/es/,
Septiembre,27/09,Cursa La Llagosta,La Llagosta,10k y 5k,Asfalto,Sí,Sí,Sí,https://www.lasansieventos.com/ca/cursa-de-la-llagosta,
Septiembre,27/09,Km Contra el Càncer La Pobla de Claramunt,La Pobla de Claramunt,7k,Mixta,No,Sí,No,https://barcelonaenmarxa.org/es/,
Septiembre,27/09,Cursa Bacus De Verdú,Verdú,10k y 5k,Asfalto,No,Sí,No,https://correvinyes.verdu.red/cursa-bacus-2026/,
Septiembre,27/09,Cursa Dona Girona,Girona,"5,5k",Asfalto,No,Sí,No,https://www.cursadeladonagirona.com/,
Septiembre,27/09,Cursa Solidària I Inclusiva Del Trampolí,La Bisbal d'Empordà,10k y 5k,Asfalto,No,No,No,https://www.instagram.com/p/DOYF4D4jLCc/,
Septiembre,27/09,Cursa Sant Miquel (Iter 5),Lleida,10k y 5k,Asfalto,No,Sí,No,http://www.cursasantmiquel.net/,
Septiembre,27/09,Sosciathlon,Salou,5k,Asfalto,No,Sí,No,https://www.sosciathlon.org/ca/,
Septiembre,27/09,Cursa Can Jofresa,Terrassa,Por confirmar,Asfalto,No,Sí,No,https://ceterrassa.cat/barris/,
Septiembre,27/09,Cursa Matonera,Marganell,12k,Mixta,No,Sí,No,https://www.instagram.com/cursamatonera/,
Octubre,03/10,Metropolitan Sky Run,L'Hospitalet de Llobregat,-,Escaleras,No,Sí,No,https://metropolitanskyrun.com/,
Octubre,03/10,Cursa Benèfica María de Villota,Montmeló (circuito),5k,Asfalto,No,Sí,Sí,https://festivaldelavelocidad.com/cursa-benefica-maria-de-villota/,
Octubre,03/10,Cursa De La Tardor Sant Andreu Barca,Sant Andreu de la Barca,10k y 5k,Asfalto,No,Sí,Sí,https://cursadelatardor.com/,
Octubre,03/10,MIlla Urbana i 5k Banyoles,Banyoles,5k y Milla,Mixta,No,Sí,No,https://cnbanyoles.cat/competicions/milla-urbana-de-banyoles/,
Octubre,04/10,En Marxa per la Paràlisi Cerebral,Barcelona,5k y 1k,Asfalto,No,Sí,,https://cursaenmarxapc.org/,
Octubre,04/10,Cursa Nick Horta,Barcelona,5k,Asfalto,No,No,Sí,https://www.instagram.com/cursa_nick_horta_/,
Octubre,04/10,Cursa Lo Carrilet,Tortosa,10k y 5k,Asfalto,No,Sí,No,https://www.runningseries.net/calendari/,
Octubre,04/10,Cursa Antiracista Sabadell,Sabadell,5k,Asfalto,No,Sí,No,https://cursaantiracista.com/,
Octubre,04/10,Cursa Fanny Sallès,Terrassa,5k,Asfalto,No,Sí,Sí,https://www.mitjaterrassa.org/curses/cursa-de-les-dones-terrassa/,
Octubre,04/10,Cursa Nosaltres També Podem,Lleida,10k y 5k,Asfalto,No,Sí,No,https://aspros.cat/cursa-aspros/,
Octubre,04/10,Cursa I Caminada 5K L'Arboç,L'Arboç,5k,Asfalto,No,Sí,No,https://www.facebook.com/cursa5Klarboc/?locale=ca_ES,
Octubre,04/10,Vermuton Run,Santpedor,10k,MIxta,No,Sí,No,https://www.instagram.com/p/DaJEBLZMFN2/,
Octubre,04/10,Cursa Rebombori,Santa Maria de Palautordera,10k y 5k,MIxta,No,Sí,No,https://www.instagram.com/p/DbU_bkwIFLy/,
Octubre,04/10,Cursa Rural Montbrió del Camp,Montbrió del Camp,10k y 5k,MIxta,No,Sí,No,https://webtretzesports.wixsite.com/10kmontbriodelcamp,
Octubre,04/10,Cursa Parets De Vallès,Parets del Vallès,10k y 5k,Mixta,No,No,Sí,https://www.caparets.com/la-cursa,
Octubre,04/10,Cursa Dona Vilanova I La Geltrú,Vilanova i la Geltrú,5k,Asfalto,No,Sí,No,https://cursadeladonavilanovailageltru.com/,
Octubre,04/10,Torres de Segre Mou-te contra el càncer,Torres de Segre,5k,Mixta,No,Sí,No,https://web.rockthesport.com/es/event/torres-de-segre-mou-te-contra-el-cancer,
Octubre,10/10,Cursa Antiracista Garrotxa,Olot,7k,MIxta,No,Sí,No,https://cursaantiracista.com/,
Octubre,11/10,Milla del Congrés,Barcelona,5k y Milla,Asfalto,No,Sí,No,https://millacongres.cat/,
Octubre,11/10,Cursa Del Torró D'Agramunt,Agramunt,10k y 5k,Asfalto,No,Sí,No,"https://agramuntesports.cat/cursa-del-torro-2025/#:~:text=com%20sempre%20l'Ajuntament%20d,cursa%20%C3%A9s%20a%20les%2010h.",
Octubre,11/10,Cursa Del Remei,Santa Maria de Palautordera,10k,Mixta,No,No,No,https://www.facebook.com/p/Cursa-10-Km-del-Remei-100064279255530/,
Octubre,11/10,10K Lleida Internacional Race,Lleida,10k,Asfalto,No,Sí,No,https://10klleida.com/,
Octubre,12/10,Volta Aeroport Alguaire,Alguaire,"10k y 5,4k",Asfalto,No,Sí,No,https://lomakot.cat/cartell-2/,
Octubre,12/10,Cursa Antiracista Osona,Vic,5k,Asfalto,No,Sí,No,https://cursaantiracista.com/,
Octubre,17/10,Lleida Mou-Te Contra El Càncer,Lleida,10k y 5k,Asfalto,No,No,No,https://enmarcha.contraelcancer.es/es/evento/lleida-en-marcha-contra-el-cancer-2025,
Octubre,17/10,Cursa Vertical Walden,Sant Just Desvern,-,Escaleras,No,No,No,https://trailbarcelona.com/ca/vertical-walden,
Octubre,17/10,Cursa Dona Rural,Riudecanyes,"6,5k",Mixta,No,Sí,No,https://webtretzesports.wixsite.com/caminadadonarural,
Octubre,18/10,Cros De Sants,Barcelona,10k,Asfalto,No,Sí,Sí,https://crospopulardesants.cat/,
Octubre,18/10,Cursa Mercabarna,Barcelona,10k y 5k,Asfalto,No,Sí,Sí,https://www.cursamercabarna.cat/,
Octubre,18/10,Run Like a Hero,Barcelona,5k,Asfalto,No,Sí,No,https://runlikeahero.com/barcelona/,
Octubre,18/10,Km Contra el Càncer Santa Coloma ,Santa Coloma de Gramenet,5k,Asfalto,No,Sí,No,https://barcelonaenmarxa.org/es/,
Octubre,18/10,Km Contra el Càncer Sant Feliu,Sant Feliu de Llobregat,Por confirmar,Por confirmar,No,Sí,No,https://barcelonaenmarxa.org/es/,
Octubre,18/10,Cursa Rac1 Platja d'Aro,Platja d'Aro,5k,Asfalto,No,Sí,No,https://www.lacursaderac1.cat/ca/,
Octubre,18/10,Cursa De La Dona Corbera,Corbera de Llobregat,7k,Mixta,No,Sí,No,https://www.cinccims.cat/cursa-de-la-dona-19-10-25/,
Octubre,18/10,Pink Run Montcada I Reixac,Montcada i Reixac,5k,Asfalto,No,Sí,No,https://www.nonstoprun.com/pinkrun/,
Octubre,18/10,La De Deu De Cornellà,Cornellà de Llobregat,10k y 5k,Asfalto,Sí,Sí,Sí,https://cornellaatletic.com/la-de-deu/,
Octubre,18/10,Mitja Mollerussa,Mollerussa,21k y 5k,Asfalto,Sí,Sí,No,https://sites.google.com/mollerussa.cat/mitjamollerussa/,
Octubre,18/10,Mitja Puigcerdà,Puigcerdà,"21k, 10k y 5k",Asfalto,Sí,Sí,No,https://www.puigcerda.cat/ca/serveis/esports/28a-mitja-marato-de-puigcerda-by-bwt-2026/,
Octubre,18/10,Mitja Vila-Seca,Vila-seca,"21k, 10k, 5k",Asfalto,No,Sí,Sí,https://www.runnersvilaseca.com/,
Octubre,18/10,Cursa Carrer Nou Girona,Girona,10k y 5k,Asfalto,No,Sí,No,https://cursacarrernou.cat/,
Octubre,18/10,Women Race Cursa Corte Inglés,Tarragona,5k,Asfalto,No,Sí,No,https://womenrace.cat/,
Octubre,18/10,Carrera Km contra el cáncer Santa Coloma,Santa Coloma de Gramenet,5k ,Asfalto,No,Sí,No,https://barcelonaenmarxa.org/es/#calendari,
Octubre,18/10,Corre Cava,Sant Sadurní d'Anoia,10k,Mixta,No,Sí,No,https://www.tretzesports.org/,
Octubre,18/10,Cursa Torresana,Terrassa,Por confirmar,Asfalto,No,Sí,No,https://ceterrassa.cat/barris/,
Octubre,18/10,La Vicentina,Sant Vicenç dels Horts,10k y 5k,Mixta,No,Sí,Sí,https://gesport.cat/curses/,
Octubre,18/10,Race For Life,Sabadell,5k,Asfalto,No,Sí,No,https://www.mitjasabadell.cat/,
Octubre,18/10,Cursa de La Dona Figueres,Figueres,5k,Asfalto,No,Sí,No,https://www.instagram.com/cursadonafigueres/,
Octubre,18/10,Cursa Solidària Ascó,Ascó,Por confirmar,Por confirmar,No,Sí,No,https://www.tretzesports.org/,
Octubre,18/10,Cursa de Les Dones Torres De L'Ebre,Miravet,5k,Asfalto,No,No,No,https://www.instagram.com/cursadelesdonesebre/,
Octubre,18/10,Cursa de La Dona Pallaresos,Pallaresos,10k y 5k,Asfalto,No,No,No,https://www.instagram.com/ajelspallaresos/?hl=es,
Octubre,18/10,Cursa Popular Igualada,Igualada,5k,Asfalto,No,No,No,https://www.instagram.com/cursapopularigualada/?hl=es,
Octubre,24/10,Cursa Lluís Companys,Barcelona,10k y 5k,Asfalto,Sí,Sí,Sí,https://cursacompanys.cat/,
Octubre,24/10,Cursa Antiracista Solsona,Solsona,5k,Asfalto,No,Sí,No,https://cursaantiracista.com/,
Octubre,24/10,Cursa Udl,Lleida,5k,Asfalto,No,No,No,https://estudiantat.udl.cat/ca/ce/CEUdL/230/,
Octubre,25/10,Mitja Vendrell,El Vendrell,"21k, 10k y 5k",Asfalto,Sí,Sí,Sí,https://mitjavendrell.runnerselvendrell.cat/,
Octubre,25/10,Mitja Costa Barcelona Maresme,Calella,21k,Asfalto,Sí,Sí,Sí,https://gesport.cat/mitja-marato-costa-barcelona-maresme-2026/,
Octubre,25/10,10.000 I 5.000 Santa Bàrbara,Santa Bárbara,10k y 5k,Asfalto,No,Sí,No,https://www.runningseries.net/calendari/,
Octubre,25/10,5K/10K Manresa,Manresa,10k y 5k,Asfalto,Sí,Sí,No,https://clubatleticmanresa.cat/cursa-urbana-de-manresa/,
Octubre,25/10,Cursa De La Barca,Vilanova de la Barca,10k y 5k,Asfalto,No,Sí,No,https://xtsportevents.com/reglament-ca-cursa-la-barca/,
Octubre,25/10,Cursa Pau Dinarès,Terrassa,10k,Asfalto,No,Sí,No,https://dina35.org/activitat/cursa-solidaria-dina35/,
Octubre,25/10,Km Contra el Càncer Santa Margarida,Santa Margarida de Montbui,Por confirmar,Por confirmar,No,Sí,No,https://barcelonaenmarxa.org/es/,
Octubre,25/10,Km Contra el Càncer Premià,Premià de Mar,Por confirmar,Por confirmar,No,Sí,No,https://barcelonaenmarxa.org/es/,
Octubre,25/10,Mitja Marató Rural Ribes,Sant Pere de Ribes,21k y 10k,Mixta,No,Sí,No,https://www.instagram.com/mitjamaratoruralribes/,
Octubre,25/10,Cursa Popular Barberà,Barberà del Vallès,5k,Mixta,No,Sí,No,https://uabarbera.com/eventos/xxiii-carrera-de-la-fiesta-mayor-de-barbera-del-valles-2025/,
Octubre,25/10,Cursa Solidària País del Cava,Vilafranca del Penedès,"13,4k",Asfalto,No,Sí,No,https://www.confrariacava.com/,
Octubre,25/10,Corre Per Les Mames Agullana,Agullana,3k-10k,Mixta,No,Sí,No,https://oncolligagirona.cat/activitats-solidaries/corre-per-les-mames.html,
Octubre,25/10,Corre Per Les Mames Amer,Amer,3k-10k,Mixta,No,Sí,No,https://oncolligagirona.cat/activitats-solidaries/corre-per-les-mames.html,
Octubre,25/10,Corre Per Les Mames Anglés,Anglés,3k-10k,Mixta,No,Sí,No,https://oncolligagirona.cat/activitats-solidaries/corre-per-les-mames.html,
Octubre,25/10,Corre Per Les Mames Besalú,Besalú,3k-10k,Mixta,No,Sí,No,https://oncolligagirona.cat/activitats-solidaries/corre-per-les-mames.html,
Octubre,25/10,Corre Per Les Mames Breda,Breda,3k-10k,Mixta,No,Sí,No,https://oncolligagirona.cat/activitats-solidaries/corre-per-les-mames.html,
Octubre,25/10,Corre Per Les Mames Camprodon,Camprodon,3k-10k,Mixta,No,Sí,No,https://oncolligagirona.cat/activitats-solidaries/corre-per-les-mames.html,
Octubre,25/10,Corre Per Les Mames Cervià de Ter,Cervià de Ter,3k-10k,Mixta,No,Sí,No,https://oncolligagirona.cat/activitats-solidaries/corre-per-les-mames.html,
Octubre,25/10,Corre Per Les Mames Bordils,Bordils,3k-10k,Mixta,No,Sí,No,https://oncolligagirona.cat/activitats-solidaries/corre-per-les-mames.html,
Octubre,25/10,Corre Per Les Mames Hostalric,Hostalric,3k-10k,Mixta,No,Sí,No,https://oncolligagirona.cat/activitats-solidaries/corre-per-les-mames.html,
Octubre,25/10,Corre Per Les Mames Llagostera,Llagostera,3k-10k,Mixta,No,Sí,No,https://oncolligagirona.cat/activitats-solidaries/corre-per-les-mames.html,
Octubre,25/10,Corre Per Les Mames Llançà,Llagostera,3k-10k,Mixta,No,Sí,No,https://oncolligagirona.cat/activitats-solidaries/corre-per-les-mames.html,
Octubre,25/10,Corre Per Les Mames Lloret de Mar,Lloret de Mar,3k-10k,Mixta,No,Sí,No,https://oncolligagirona.cat/activitats-solidaries/corre-per-les-mames.html,
Octubre,25/10,Corre Per Les Mames Massanes,Massanes,3k-10k,Mixta,No,Sí,No,https://oncolligagirona.cat/activitats-solidaries/corre-per-les-mames.html,
Octubre,25/10,Corre Per Les Mames Navata,Navata,3k-10k,Mixta,No,Sí,No,https://oncolligagirona.cat/activitats-solidaries/corre-per-les-mames.html,
Octubre,25/10,Corre Per Les Mames Palafrugell,Palafrugell,3k-10k,Mixta,No,Sí,No,https://oncolligagirona.cat/activitats-solidaries/corre-per-les-mames.html,
Octubre,25/10,Corre Per Les Mames Palamós,Palamós,3k-10k,Mixta,No,Sí,No,https://oncolligagirona.cat/activitats-solidaries/corre-per-les-mames.html,
Octubre,25/10,Corre Per Les Mames Quart,Quart,3k-10k,Mixta,No,Sí,No,https://oncolligagirona.cat/activitats-solidaries/corre-per-les-mames.html,
Octubre,25/10,Corre Per Les Mames Ribes de Freser,Diverses localitats Girona,3k-10k,Mixta,No,Sí,No,https://oncolligagirona.cat/activitats-solidaries/corre-per-les-mames.html,
Octubre,25/10,Corre Per Les Mames Sant Feliu de Guíxols,Sant Feliu de Guíxols,3k-10k,Mixta,No,Sí,No,https://oncolligagirona.cat/activitats-solidaries/corre-per-les-mames.html,
Octubre,25/10,Corre Per Les Mames Santa Coloma de Farners,Santa Coloma de Farners,3k-10k,Mixta,No,Sí,No,https://oncolligagirona.cat/activitats-solidaries/corre-per-les-mames.html,
Octubre,25/10,Corre Per Les Mames Sant Julià de Ramis,Sant Julià de Ramis,3k-10k,Mixta,No,Sí,No,https://oncolligagirona.cat/activitats-solidaries/corre-per-les-mames.html,
Octubre,25/10,Corre Per Les Mames Tordera,Tordera,3k-10k,Mixta,No,Sí,No,https://oncolligagirona.cat/activitats-solidaries/corre-per-les-mames.html,
Octubre,25/10,Corre Per Les Mames Vidreres,Vidreres,3k-10k,Mixta,No,Sí,No,https://oncolligagirona.cat/activitats-solidaries/corre-per-les-mames.html,
Octubre,25/10,Corre Per Les Mames Vilabrareix,Vilabrareix,3k-10k,Mixta,No,Sí,No,https://oncolligagirona.cat/activitats-solidaries/corre-per-les-mames.html,
Octubre,25/10,Cursa De La Dona - Calafell,Calafell,4k,Asfalto,No,No,No,https://www.athleticevents.net/cursa/vii-cursa-de-la-dona-calafell-506,
Octubre,25/10,Pink Run Palau,Palau de Plegamans,"3,6k",Asfalto,No,Sí,No,https://www.nonstoprun.com/pinkrunpalau/index.php?lang=es,
Octubre,31/10,Tast Mitja,La Garriga - Les Franqueses,10k,Asfalto,Sí,Sí,Sí,https://eltast.lamitja.cat/,
Noviembre,01/11,Montjuïc A Tibidabo,Barcelona,11k,Mixta,No,Sí,Sí,https://montjuictibidabo.cat/es/,
Noviembre,01/11,Cursa de les Caves,Lavern (Subirats),10k y 5k,Mixta,No,Sí,No,https://cursacaves.wordpress.com/,
Noviembre,07/11,Vilanova Night Run,Vilanova i la Geltrú,5k,Asfalto,Sí,Sï,Sí,https://vilanovanightrun.com/,
Noviembre,07/11,Cursa De Sant Crist De Balaguer,Balaguer,10k y 5k,Asfalto,No,No,No,https://www.runners.cat/5k-cursa-del-sant-crist-balaguer-2025/,
Noviembre,08/11,Mitja Tarragona,Tarragona,21k y 10k,Asfalto,No,Sí,Sí,https://www.mitjatarragona.cat/es/,
Noviembre,08/11,10.000 I 5.000 Amposta,Amposta,10k y 5k,Asfalto,Sí,Sí,No,https://www.runningseries.net/calendari/,
Noviembre,08/11,Cursa Junts salvem vides,El Prat de Llobregat,Por confirmar,Mixta,No,Sí,No,https://www.instagram.com/p/Da2K48_sMAK/?igsh=YW0zbWMweHN4aTY3,
Noviembre,08/11,Cursa Bombers,Barcelona,10k,Asfalto,Sí,Sí,Sí,https://cursadebombers.barcelona/es/,
Noviembre,08/11,Córrer Per Córrer,Manlleu,10k,Mixta,No,No,No,https://www.olimpicmanlleu.cat/correr-per-correr/,
Noviembre,08/11,Cros Ciutat de Sant Cugat,Sant Cugat del Vallès,"5,5k",Mixta,No,No,No,https://omet.santcugat.cat/tag/cros-ciutat-de-sant-cugat/,
Noviembre,08/11,Volta A L'Estany D'Ivars,Ivars d'Urgell,10k y 7k,Mixta,No,Sí,No,https://atletismeivars.wixsite.com/caivars/copia-de-grup-excursionista-2,
Noviembre,14/11,Cursa Valldeneu,Sant Martí de Centelles,5k,Mixta,No,No,No,https://www.instagram.com/p/DPmOYreCCrD/,
Noviembre,14/11,Nocturna D'Avià,Avià,5k,Mixta,No,No,No,https://voltaalamaria.wixsite.com/misitio,
Noviembre,14/11,Milles Cerdanyola,Cerdanyola del Vallès,10k y 5k,Asfalto,Sí,No,Sí,https://www.atcerdanyola.com/curses/milles-cerdanyola/,
Noviembre,14/11,Cursa Vertical Torre Diagonal One,Barcelona,24 plantas,Escaleras,No,No,No,https://www.carreraverticaltorrediagonalone.es/,
Noviembre,15/11,Cursa Sant Martí,Barcelona,10k y 5k,Asfalto,No,Sí,Sí,https://www.cursasantmarti.cat/,
Noviembre,15/11,Els 10 De Les Franqueses,Les Franqueses del Vallès,10k,Mixta,Sí,No,Sí,http://www.els10delesfranqueses.cat/,
Noviembre,15/11,La Palauenca,Palau-Solità i Plegamans,10k y 5k,Mixta,No,Sí,No,https://www.mitjasabadell.cat/,
Noviembre,15/11,Carrera Km contra el cáncer Igualada,Igualada,5k ,Asfalto,No,Sí,No,https://barcelonaenmarxa.org/es/#calendari,
Noviembre,15/11,5K/10K Vic,Vic,10k y 5k,Asfalto,No,Sí,No,https://5k10kvic.cat/,
Noviembre,15/11,Mitja Lleida,Lleida,21k y 5k,Asfalto,Sí,Sí,No,https://mitjalleida.com/,
Noviembre,15/11,Km Contra el Càncer Igualada,Igualada,5k,Asfalto,No,Sí,No,https://barcelonaenmarxa.org/es/,
Noviembre,15/11,Milla Sagrada Família,Barcelona,Milla,Asfalto,No,Sí,No,https://claror.cat/es/la-milla/,
Noviembre,15/11,Cursa Popular Vila De Sant Boi,Sant Boi de Llobregat,10k y 5k,Asfalto,No,Sí,Sí,https://www.cursasantboi.com/,
Noviembre,15/11,Cros 3 Turons,Barcelona,12k,Mixta,No,No,Sí,https://www.cros3turons-ladiablada.cat/,
Noviembre,15/11,Cursa Trinitat Vella,Barcelona,5k,Asfalto,No,No,No,https://www.asme.cat/cursa-trinitat-vella-2025/,
Noviembre,15/11,Mitja Ripoll,Ripoll,"21k, 10k y 5k",Asfalto,Sí,Sí,No,https://www.mitjamarato.cat/,
Noviembre,15/11,Vinya Cross,Manresa,"21k, 10k y 5k",Tierra,No,No,No,https://www.vinya-cross.es/,
Noviembre,15/11,Cursa Duchenne,Salt,9k y 5k,Mixta,No,No,No,https://www.instagram.com/duchennesomriuresvalents/?hl=es,
Noviembre,15/11,Cros Can Mercader,Cornellà de Llobregat,"9,4k y 4,7k",Mixta,No,No,No,https://www.corresolidaris.org/corresolidaris-amb-la-marato-tv3/,
Noviembre,22/11,Cursa De La Dona Barcelona,Barcelona,"6,5k",Asfalto,No,Sí,Sí,https://www.carreradelamujer.com/muj-barcelona,
Noviembre,22/11,Mitja Gavà,Gavà,21k,Asfalto,Sí,Sí,Sí,https://www.instagram.com/mitjagava/,
Noviembre,22/11,Mitja Espirall,Vilafranca del Penedès,21k y 10k,Asfalto,Sí,Sí,Sí,https://mitja.vilafranca.cat/,
Noviembre,22/11,Mitja Dani Maresme,Vilassar de Mar,"21k, 10k y 6k",Asfalto,Sí,Sí,Sí,https://danievents.cat/service/cursa-dani-maresme/,
Noviembre,22/11,Cursa DiR Mossos d'Esquadra,Sant Cugat del Vallès,10k y 5k,Asfalto,Sí,Sí,Sí,,
Noviembre,22/11,Entrepobles Garrotxa,Olot,10k,Asfalto,No,Sí,No,https://www.entrepobles.run/,
Noviembre,22/11,Corre per l'ictus,Girona,8k,Mixta,No,Sí,No,https://www.instagram.com/correperlictus/,
Noviembre,22/11,Cursa i Caminada contra la Violència de Gènere,Castellbisbal,Por confirmar,Por confirmar,No,No,No,https://www.cursacontralaviolenciadegenere.cat/,
Noviembre,22/11,Correblau,Barcelona,10k y 5k,Asfalto,No,No,Sí,https://www.aprenemautisme.org/correblau/,
Noviembre,22/11,CNG 4 Camins,Granollers,14k y 6k,Mixta,No,Sí,No,https://cngranollers.org/4camins/,
Noviembre,22/11,Cursa Del Vi De Gandesa,Gandesa,10k y 5k,Asfalto,No,Sí,No,https://www.runningseries.net/calendari/,
Noviembre,22/11,Pujada i Baixada a Guanta,Sentmenat,12k y 6k,Mixta,No,Sí,No,https://www.lasansi.com/ca/pujada-guanta,
Noviembre,22/11,Tarraco Health Race,Tarragona,10k y 5k,Asfalto,No,Sí,No,https://tarracohealthrace.com/,
Noviembre,22/11,Cursa Solidària per a la Infància,Terrassa,10k y 5k,Asfalto,No,Sí,No,https://www.instagram.com/cursainfancia.insocceg/?hl=es,
Noviembre,29/11,5K Sant Vicenç Montalt,Sant Vicenç Montalt,5k,Asfalto,No,No,No,https://gesport.cat/,
Noviembre,29/11,Jean Bouin,Barcelona,10k y 5k,Asfalto,Sí,Sí,Sí,https://jeanbouin.mundodeportivo.com/,
Noviembre,29/11,Cursa CN Sabadell,Sabadell,5k,Asfalto,No,Sí,Sí,https://www.cursacns.cat/,
Noviembre,29/11,Marató per relleus Vinyols i Els Arcs,Vinyols i els Arcs,42k y 21k,Asfalto,No,Sí,No,https://vinyolsmarato.cat/,
Noviembre,29/11,Cursa Dona Castellar,Castellar del Vallès,5k,Asfalto,No,No,No,https://www.castellarvalles.cat/14352/acte/16515/,
Noviembre,29/11,Cursa Dona Sant Joan de Vilatorrada,Sant Joan de Vilatorrada,5k,Asfalto,No,No,No,https://www.santjoanvilatorrada.cat/ca/actualitat/noticies/fem-cursa-cursa-de-la-dona-2025-ja-et-pots-inscriure-als-entrenaments,
Diciembre,06/12,Cursa Sant Andreu,Barcelona,5k,Asfalto,Sí,Sí,Sí,https://www.cnsantandreu.com/cursa-de-sant-andreu-2025/,
Diciembre,06/12,Mitja Figueres,Figueres,21k y 10k,Asfalto,Sí,Sí,Sí,https://mitjafigueres.com/,
Diciembre,13/12,Cursa Urbana Jeroni Juan,Sant Jaume d'Enveja,10k y 5k,Asfalto,No,Sí,No,https://www.runningseries.net/calendari/,
Diciembre,13/12,Cursa Sagrera,Barcelona,10k y 5k,Asfalto,Sí,Sí,Sí,https://www.cursadelasagrera.cat/,
Diciembre,13/12,Cursa de les Ciutats contra el Càncer de Pàncrees,Barcelona,10k y 5k,Asfalto,No,Sí,Sí,https://carreracancerpancreas.es/cursa-barcelona/,
Diciembre,13/12,Mitja Vilanova,Vilanova i la Geltrú,21k y 10k,Asfalto,Sí,Sí,Sí,https://mitjavilanova.com/,
Diciembre,13/12,Pujada a la Seu Vella,Lleida,9k,Mixta,No,Sí,No,https://www.pujadaseuvella.com/,
Diciembre,13/12,Cursa UAB,Campus UAB Bellaterra,"11,6k y 6k",Mixta,No,No,Sí,https://micromecenatge.uab.cat/lacursadelauab,
Diciembre,13/12,Cursa Entre Cabanes,Preixana,"20k, 13k y 5k",Mixta,No,No,Sí,https://www.instagram.com/entrecabanespreixana/?hl=es,
Diciembre,13/12,Cursa Solidària Vinyols i els Arcs,Vinyols i els Arcs,"6,5k y 3,5k",Mixta,No,No,No,https://www.instagram.com/vinyolsmarato,
Diciembre,13/12,Cursa De Les Empreses,Barcelona,10k,Asfalto,No,Sí,No,https://www.cursaempreses.com/,
Diciembre,19/12,La De Nadal (Cursa Dels Elfs I Elfes),Santa Coloma de Gramenet,5k,Asfalto,No,No,No,https://esportsgramenet.cat/ladenadal&lang=cat,
Diciembre,19/12,Sant Silvestre Vilafranquina,Vilafranca del Penedès,5k,Mixta,No,No,No,https://www.cavilafranca.cat/,
Diciembre,20/12,Cursa Pare Noel,Barcelona,5k,Asfalto,No,Sí,Sí,https://www.cursaparenoel.cat/,
Diciembre,20/12,Cursa Nadal Sant Sadurní,Sant Sadurní d'Anoia,10k y 5k,Mixta,No,Sí,No,https://sansasua.cat/cursa-de-nadal/,
Diciembre,20/12,Sant Silvestre L'Hospitalet De L'Infant,L'Hospitalet de l'Infant,4k,Asfalto,No,Sí,No,https://webtretzesports.wixsite.com/santsansihospitalet,
Diciembre,20/12,Cursa Del Gall Riudecanyes,Riudecanyes,"7,5k",Mixta,No,Sí,No,https://webtretzesports.wixsite.com/cursadelgall,
Diciembre,20/12,Cursa del Tió,Cabrils,5k,Asfalto,No,No,No,https://xeventsports.com/la-cursa-del-tio/,
Diciembre,20/12,Cursa Vicente Ferrer,Terrassa,8k y 5k,Asfalto,No,Sí,No,https://ceterrassa.cat/barris/,
Diciembre,24/12,Cursa Nadal Portbou,Portbou,"5k y 2,5k",Asfalto,No,No,No,https://www.instagram.com/cursadenadalportbou/,
Diciembre,26/12,Cursa Dona La Jonquera,La Jonquera,5k,Asfalto,No,No,No,https://www.curses.cat/,
Diciembre,26/12,Sant Silvestre Manresana,Manresa,"9,5k",Mixta,No,No,No,https://cube.cat/sant-silvestre-2025/,
Diciembre,26/12,Sant Esteve Run,L'Escala,5k,Asfalto,No,No,No,https://esportslescala.cat/sant-esteve-run/,
Diciembre,26/12,Sant Silvestre El Vendrell,El Vendrell,5k,Asfalto,No,No,No,https://www.runnerselvendrell.cat/?page_id=6420,
Diciembre,26/12,La Folguerenca,Folgueroles,5k,Mixta,No,No,No,https://lafolguerolenca.cat/,
Diciembre,26/12,La Riudellotenca,Riudellots de la Selva,"7,5k",Mixta,No,No,No,https://www.instagram.com/lariudellotenca/,
Diciembre,26/12,Sant Silvestre La Sènia,La Sènia,5k,Asfalto,No,No,No,https://www.instagram.com/cesport_la_senia/,
Diciembre,26/12,Cursa Del Bolet,Ullastrell,6k,Mixta,No,Sí,Sí,https://www.cursadelbolet.cat/,
Diciembre,26/12,Sant Silvestre Masnou,El Masnou,5k,Asfalto,Sí,Sí,Sí,https://www.lasansi.com/es/sant-silvestre-masnou,
Diciembre,26/12,Cursa De L'Indiot,Mollerussa,10k,Asfalto,Sí,Sí,No,https://www.xafatolls.cat/indiot,
Diciembre,26/12,Cursa Entre Ponts,Roda de Ter,5k,Asfalto,No,Sí,No,https://www.rodadeter.cat/serveis-i-tramits/220-esports/esdeveniments-esportius,
Diciembre,26/12,Sant Silvestre Palafrugell,Palafrugell,5k,Mixta,No,No,No,https://www.instagram.com/p/DRhz394DUBt/,
Diciembre,27/12,Cursa Del Capó,Castelldefels,"6,7k",Mixta,No,No,Sí,https://www.sedentaris.cat/el-capo-puja-al-castell/,
Diciembre,27/12,Sant Silvestre Badalona,Badalona,10k y 5k,Asfalto,No,Sí,Sí,https://www.zonavipevents.com/sant-silvestre-badalona/,
Diciembre,27/12,Mitja Badia De Roses,Roses,"21k y 7,5k",Asfalto,No,No,No,https://www.atletismeroses.cat/mitjabadiaderoses,
Diciembre,27/12,Sant Silvestre Sant Gregori,Sant Gregori,10k y 5k,Mixta,No,No,No,https://www.afaagustigifre.com/ca/actualitat/cursa-de-sant-silvestre-sant-gregoriana/,
Diciembre,27/12,Sant Silvestre Sarrianenca,Sarrià de Ter,10k y 5k,Mixta,No,No,No,https://www.instagram.com/sarriasolidari/?hl=es,
Diciembre,27/12,Sant Silvestre Polinyà,Polinyà,5k,Asfalto,No,No,No,https://www.instagram.com/corredorspolinya/?hl=es,
Diciembre,27/12,Cursa de la Llufa,Espluga de Francolí,5k,Mixta,No,No,No,https://caesplugui.cat/cursa-de-la-llufa/,
Diciembre,31/12,Cursa Nassos,Barcelona,10k,Asfalto,Sí,Sí,Sí,https://www.cursadenassos.barcelona/ca,
Diciembre,31/12,Cap D'Any Race,Sabadell,10k y 5k,Asfalto,No,Sí,Sí,https://www.capdanyrace.cat/,
Diciembre,31/12,Cursa Del Gall,Sant Cugat del Vallès,5k,Asfalto,No,Sí,Sí,https://cursadelgall.cat/,
Diciembre,31/12,Sant Silvestre Girona,Girona,5k,Asfalto,No,Sí,No,https://web.girona.cat/ssilvestre,
Diciembre,31/12,Sant Silvestre Lleida,Lleida,5k,Asfalto,No,Sí,No,https://santsilvestrelleida.es/,
Diciembre,31/12,Sant Silvestre Tarragona,Tarragona,"6,5k",Asfalto,No,Sí,No,https://www.athleticevents.net/cursa/21a-cursa-sant-silvestre-de-tarragona-509,
Diciembre,31/12,Sant Silvestre Reus,Reus,5k,Asfalto,No,Sí,No,https://santsilvestrereus.wixsite.com/santsilvestrereus,
Diciembre,31/12,Sant Silvestre Berga,Berga,5k,Asfalto,Sí,Sí,No,https://www.jaberga.com/santsilvestre,
Diciembre,31/12,Sant Silvestre Navatenca,Navata,"2,5k y 5k",Asfalto,No,No,No,https://www.curses.cat/,
Diciembre,31/12,Sant Silvestre Cadaquès,Cadaquès,10k,Asfalto,No,No,No,https://www.instagram.com/p/DSFmXD5iOP1/,
Diciembre,31/12,Cursa Dels Nassos Maçanet,Maçanet de Cabrenys,5k,Asfalto,No,No,No,https://www.clubexcursionistamassanetenc.cat/,
Diciembre,31/12,Sant Silvestre Fortià,Fortià,5k,Mixta,No,No,No,https://fortia.cat/sant-silvestre-a-fortia/,
Diciembre,31/12,Sant Silvestre La Seu,La Seu d'Urgell,"3,6k",Mixta,No,No,No,https://santsilvestrelaseu.com/,
Diciembre,31/12,Sant Silvestre Manlleunca,Manlleu,5k,Asfalto,No,No,No,https://www.olimpicmanlleu.cat/st-silvestre-manlleuenca/,
Diciembre,31/12,Sant Silvestre De Bellver,Bellver de Cerdanya,"5,7k",Mixta,No,No,No,https://esportsbellver.org/sant-silvestre-25/,
Diciembre,31/12,Sant Silvestre Borgonyà,Cornellà de Terri,5k,Mixta,No,No,No,https://www.facebook.com/SansilvestreBorgonya/,
Diciembre,31/12,Sant Silvestre Vilanova Del Camí,Vilanova del Camí,5k,Asfalto,No,No,No,https://www.vilanovadelcami.cat/actualitat/agenda/26a-cursa-sant-silvestre.html,
Diciembre,31/12,Sant Silvestre Montblanc,Montblanc,"3,4k",Asfalto,No,No,No,https://atleticmontblanc.cat/category/curses/cursasantsilvestre/,
Diciembre,31/12,Sant Silvestre Puigcerdà,Puigcerdà,5k,Mixta,No,Sí,No,https://www.puigcerda.cat/ca/serveis/esports/14a-sant-silvestre-puigcerda-2026/,
Diciembre,31/12,Sant Silvestre Cunit,Cunit,5k,Asfalto,No,No,No,https://santsilvestrecunit.com/,
Diciembre,31/12,Sant Silvestre La Garriga,La Garriga,7k,Mixta,No,No,No,https://www.lagarriga.cat/actualitat/agenda/16a-cursa-de-sant-silvestre-,
Diciembre,31/12,Sant Silvestre Bagà,Bagà,10k y 5k,Mixta,No,Sí,No,https://www.atletismebaga.cat/v-cursa-sant-silvestre-de-baga-31-de-desembre-de-2025/,
Diciembre,31/12,Sant Silvestre Artés,Artés,9k y 5k,Mixta,No,No,No,https://www.instagram.com/p/DDgmanfIyo-/,
Diciembre,31/12,Sant Silvestre Terra Endins,Torelló,5k,Asfalto,No,No,No,https://www.matxos.cat/,
Diciembre,31/12,Sant Silvestre Pont de Suert,El Pont de Suert,5k,Asfalto,No,No,No,https://lamesfreda.com/,